.ac,country-code,Network Information Center (AC Domain Registry) c/o Cable and Wireless (Ascension Island)
.ad,country-code,Andorra Telecom
.ae,country-code,Telecommunication Regulatory Authority (TRA)
.af,country-code,Ministry of Communications and IT
.ag,country-code,UHSA School of Medicine
.ai,country-code,Government of Anguilla
.al,country-code,Electronic and Postal Communications Authority - AKEP
.am,country-code,Internet Society Non-governmental Organization
.an,country-code,Retired
.ao,country-code,Faculdade de Engenharia da Universidade Agostinho Neto
.aq,country-code,Antarctica Network Information Centre Limited
.ar,country-code,Presidencia de la Nación – Secretaría Legal y Técnica
.as,country-code,AS Domain Registry
.at,country-code,nic.at GmbH
.au,country-code,.au Domain Administration (auDA)
.aw,country-code,SETAR
.ax,country-code,Ålands landskapsregering
.az,country-code,IntraNS
.ba,country-code,Universtiy Telinformatic Centre (UTIC)
.bb,country-code,Government of Barbados Ministry of Economic Affairs and Development Telecommunications Unit
.bd,country-code,Posts and Telecommunications Division
.be,country-code,DNS Belgium vzw/asbl
.bf,country-code,ARCE-AutoritÈ de RÈgulation des Communications Electroniques
.bg,country-code,Register.BG
.bh,country-code,Telecommunications Regulatory Authority (TRA)
.bi,country-code,Centre National de l'Informatique
.bj,country-code,Benin Telecoms S.A.
.bl,country-code,Not assigned
.bm,country-code,"Registry General Department, Ministry of Home Affairs"
.bn,country-code,Brunei Darussalam Network Information Centre Sdn Bhd (BNNIC)
.bo,country-code,Agencia para el Desarrollo de la Información de la Sociedad en Bolivia
.bq,country-code,Not assigned
.br,country-code,Comite Gestor da Internet no Brasil
.bs,country-code,The College of the Bahamas
.bt,country-code,Ministry of Information and Communications
.bv,country-code,UNINETT Norid A/S
.bw,country-code,Botswana Communications Regulatory Authority (BOCRA)
.by,country-code,"Reliable Software, Ltd."
.bz,country-code,University of Belize
.ca,country-code,Canadian Internet Registration Authority (CIRA) Autorité Canadienne pour les enregistrements Internet (ACEI)
.cc,country-code,eNIC Cocos (Keeling) Islands Pty. Ltd. d/b/a Island Internet Services
.cd,country-code,Office Congolais des Postes et Télécommunications - OCPT
.cf,country-code,Societe Centrafricaine de Telecommunications (SOCATEL)
.cg,country-code,ONPT Congo and Interpoint Switzerland
.ch,country-code,SWITCH The Swiss Education & Research Network
.ci,country-code,INP-HB Institut National Polytechnique Felix Houphouet Boigny
.ck,country-code,Telecom Cook Islands Ltd.
.cl,country-code,NIC Chile (University of Chile)
.cm,country-code,Cameroon Telecommunications (CAMTEL)
.cn,country-code,China Internet Network Information Center (CNNIC)
.co,country-code,.CO Internet S.A.S.
.cr,country-code,National Academy of Sciences Academia Nacional de Ciencias
.cu,country-code,CENIAInternet Industria y San Jose Capitolio Nacional
.cv,country-code,Agência Nacional das Comunicações (ANAC)
.cw,country-code,University of Curacao
.cx,country-code,Christmas Island Domain Administration Limited
.cy,country-code,University of Cyprus
.cz,country-code,"CZ.NIC, z.s.p.o"
.de,country-code,DENIC eG
.dj,country-code,Djibouti Telecom S.A
.dk,country-code,Dansk Internet Forum
.dm,country-code,DotDM Corporation
.do,country-code,Pontificia Universidad Catolica Madre y Maestra Recinto Santo Tomas de Aquino
.dz,country-code,CERIST
.ec,country-code,NIC.EC (NICEC) S.A.
.ee,country-code,Eesti Interneti Sihtasutus (EIS)
.eg,country-code,Egyptian Universities Network (EUN) Supreme Council of Universities
.eh,country-code,Not assigned
.er,country-code,Eritrea Telecommunication Services Corporation (EriTel)
.es,country-code,Red.es
.et,country-code,Ethio telecom
.eu,country-code,EURid vzw/asbl
.fi,country-code,Finnish Communications Regulatory Authority
.fj,country-code,The University of the South Pacific IT Services
.fk,country-code,Falkland Islands Government
.fm,country-code,FSM Telecommunications Corporation
.fo,country-code,FO Council
.fr,country-code,Association Française pour le Nommage Internet en Coopération (A.F.N.I.C.)
.ga,country-code,Agence Nationale des Infrastructures Numériques et des Fréquences (ANINF)
.gb,country-code,Reserved Domain - IANA
.gd,country-code,The National Telecommunications Regulatory Commission (NTRC)
.ge,country-code,Caucasus Online
.gf,country-code,Net Plus
.gg,country-code,Island Networks Ltd.
.gh,country-code,Network Computer Systems Limited
.gi,country-code,Sapphire Networks
.gl,country-code,TELE Greenland A/S
.gm,country-code,GM-NIC
.gn,country-code,Centre National des Sciences Halieutiques de Boussoura
.gp,country-code,Networking Technologies Group
.gq,country-code,GETESA
.gr,country-code,ICS-FORTH GR
.gs,country-code,Government of South Georgia and South Sandwich Islands (GSGSSI)
.gt,country-code,Universidad del Valle de Guatemala
.gu,country-code,University of Guam Computer Center
.gw,country-code,Autoridade Reguladora Nacional - Tecnologias de Informação e Comunicação da Guiné-Bissau
.gy,country-code,University of Guyana
.hk,country-code,Hong Kong Internet Registration Corporation Ltd.
.hm,country-code,HM Domain Registry
.hn,country-code,Red de Desarrollo Sostenible Honduras
.hr,country-code,CARNet - Croatian Academic and Research Network
.ht,country-code,Consortium FDS/RDDH
.hu,country-code,Council of Hungarian Internet Providers (CHIP)
.id,country-code,Perkumpulan Pengelola Nama Domain Internet Indonesia (PANDI)
.ie,country-code,University College Dublin Computing Services Computer Centre
.il,country-code,Internet Society of Israel
.im,country-code,Isle of Man Government
.in,country-code,National Internet Exchange of India
.io,country-code,IO Top Level Domain Registry Cable and Wireless
.iq,country-code,Communications and Media Commission (CMC)
.ir,country-code,Institute for Research in Fundamental Sciences
.is,country-code,ISNIC - Internet Iceland ltd.
.it,country-code,IIT - CNR
.je,country-code,Island Networks (Jersey) Ltd.
.jm,country-code,University of West Indies
.jo,country-code,National Information Technology Center (NITC)
.jp,country-code,"Japan Registry Services Co., Ltd."
.ke,country-code,Kenya Network Information Center (KeNIC)
.kg,country-code,AsiaInfo Telecommunication Enterprise
.kh,country-code,Telecommunication Regulator of Cambodia (TRC)
.ki,country-code,"Ministry of Communications, Transport, and Tourism Development"
.km,country-code,Comores Telecom
.kn,country-code,"Ministry of Finance, Sustainable Development Information & Technology"
.kp,country-code,Star Joint Venture Company
.kr,country-code,Korea Internet & Security Agency (KISA)
.kw,country-code,Ministry of Communications
.ky,country-code,The Information and Communications Technology Authority
.kz,country-code,Association of IT Companies of Kazakhstan
.la,country-code,"Lao National Internet Committee (LANIC), Ministry of Posts and Telecommunications"
.lb,country-code,American University of Beirut Computing and Networking Services
.lc,country-code,University of Puerto Rico
.li,country-code,Universitaet Liechtenstein
.lk,country-code,Council for Information Technology LK Domain Registrar
.lr,country-code,"Data Technology Solutions, Inc."
.ls,country-code,National University of Lesotho
.lt,country-code,Kaunas University of Technology
.lu,country-code,RESTENA
.lv,country-code,University of Latvia Institute of Mathematics and Computer Science Department of Network Solutions (DNS)
.ly,country-code,General Post and Telecommunication Company
.ma,country-code,Agence Nationale de Réglementation des Télécommunications (ANRT)
.mc,country-code,Gouvernement de Monaco Direction des Communications Electroniques
.md,country-code,MoldData S.E.
.me,country-code,Government of Montenegro
.mf,country-code,Not assigned
.mg,country-code,NIC-MG (Network Information Center Madagascar)
.mh,country-code,Office of the Cabinet
.mk,country-code,Macedonian Academic Research Network Skopje
.ml,country-code,Agence des Technologies de l’Information et de la Communication
.mm,country-code,"Ministry of Communications, Posts & Telegraphs"
.mn,country-code,"Datacom Co., Ltd."
.mo,country-code,Bureau of Telecommunications Regulation (DSRT)
.mp,country-code,"Saipan Datacom, Inc."
.mq,country-code,MEDIASERV
.mr,country-code,"Université des Sciences, de Technologie et de Médecine"
.ms,country-code,MNI Networks Ltd.
.mt,country-code,NIC (Malta)
.mu,country-code,Internet Direct Ltd
.mv,country-code,Dhiraagu Pvt. Ltd. (DHIVEHINET)
.mw,country-code,Malawi Sustainable Development Network Programme (Malawi SDNP)
.mx,country-code,NIC-Mexico ITESM - Campus Monterrey
.my,country-code,MYNIC Berhad
.mz,country-code,Centro de Informatica de Universidade Eduardo Mondlane
.na,country-code,Namibian Network Information Center
.nc,country-code,Office des Postes et Telecommunications
.ne,country-code,SONITEL
.nf,country-code,Norfolk Island Data Services
.ng,country-code,Nigeria Internet Registration Association
.ni,country-code,Universidad Nacional del Ingernieria Centro de Computo
.nl,country-code,SIDN (Stichting Internet Domeinregistratie Nederland)
.no,country-code,UNINETT Norid A/S
.np,country-code,Mercantile Communications Pvt. Ltd.
.nr,country-code,CENPAC NET
.nu,country-code,The IUSN Foundation
.nz,country-code,InternetNZ
.om,country-code,Telecommunications Regulatory Authority (TRA)
.pa,country-code,Universidad Tecnologica de Panama
.pe,country-code,Red Cientifica Peruana
.pf,country-code,Gouvernement de la Polynésie française
.pg,country-code,PNG DNS Administration Vice Chancellors Office The Papua New Guinea University of Technology
.ph,country-code,PH Domain Foundation
.pk,country-code,PKNIC
.pl,country-code,Research and Academic Computer Network
.pm,country-code,Association Française pour le Nommage Internet en Coopération (A.F.N.I.C.)
.pn,country-code,Pitcairn Island Administration
.pr,country-code,Gauss Research Laboratory Inc.
.ps,country-code,"Ministry Of Telecommunications & Information Technology, Government Computer Center."
.pt,country-code,Associação DNS.PT
.pw,country-code,Micronesia Investment and Development Corporation
.py,country-code,NIC-PY
.qa,country-code,Communications Regulatory Authority
.re,country-code,Association Française pour le Nommage Internet en Coopération (A.F.N.I.C.)
.ro,country-code,National Institute for R&D in Informatics
.rs,country-code,Serbian National Internet Domain Registry (RNIDS)
.ru,country-code,Coordination Center for TLD RU
.rw,country-code,Rwanda Information Communication and Technology Association (RICTA)
.sa,country-code,Communications and Information Technology Commission
.sb,country-code,Solomon Telekom Company Limited
.sc,country-code,VCS Pty Ltd
.sd,country-code,Sudan Internet Society
.se,country-code,The Internet Infrastructure Foundation
.sg,country-code,Singapore Network Information Centre (SGNIC) Pte Ltd
.sh,country-code,Government of St. Helena
.si,country-code,Academic and Research Network of Slovenia (ARNES)
.sj,country-code,UNINETT Norid A/S
.sk,country-code,"SK-NIC, a.s."
.sl,country-code,Sierratel
.sm,country-code,Telecom Italia San Marino S.p.A.
.sn,country-code,Universite Cheikh Anta Diop NIC Senegal
.so,country-code,Ministry of Post and Telecommunications
.sr,country-code,Telesur
.ss,country-code,Not assigned
.st,country-code,Tecnisys
.su,country-code,Russian Institute for Development of Public Networks (ROSNIIROS)
.sv,country-code,SVNet
.sx,country-code,SX Registry SA B.V.
.sy,country-code,National Agency for Network Services (NANS)
.sz,country-code,University of Swaziland Department of Computer Science
.tc,country-code,Melrex TC
.td,country-code,Société des télécommunications du Tchad (SOTEL TCHAD)
.tf,country-code,Association Française pour le Nommage Internet en Coopération (A.F.N.I.C.)
.tg,country-code,Autorite de Reglementation des secteurs de Postes et de Telecommunications (ART&P)
.th,country-code,Thai Network Information Center Foundation
.tj,country-code,Information Technology Center
.tk,country-code,Telecommunication Tokelau Corporation (Teletok)
.tl,country-code,Ministry of Transport and Communications; National Division of Information and Technology
.tm,country-code,TM Domain Registry Ltd
.tn,country-code,Agence Tunisienne d'Internet
.to,country-code,Government of the Kingdom of Tonga H.R.H. Crown Prince Tupouto'a c/o Consulate of Tonga
.tp,country-code,Retired
.tr,country-code,Middle East Technical University Department of Computer Engineering
.tt,country-code,University of the West Indies Faculty of Engineering
.tv,country-code,Ministry of Finance and Tourism
.tw,country-code,Taiwan Network Information Center (TWNIC)
.tz,country-code,Tanzania Network Information Centre (tzNIC)
.ua,country-code,Hostmaster Ltd.
.ug,country-code,Uganda Online Ltd.
.uk,country-code,Nominet UK
.um,country-code,Not assigned
.us,country-code,"NeuStar, Inc."
.uy,country-code,SeCIU - Universidad de la Republica
.uz,country-code,Computerization and Information Technologies Developing Center UZINFOCOM
.va,country-code,Holy See - Vatican City State
.vc,country-code,"Ministry of Telecommunications, Science, Technology and Industry"
.ve,country-code,Comisión Nacional de Telecomunicaciones (CONATEL)
.vg,country-code,Telecommunications Regulatory Commission of the Virgin Islands
.vi,country-code,"Virgin Islands Public Telecommunications System, Inc."
.vn,country-code,Ministry of Information and Communications of Socialist Republic of Viet Nam
.vu,country-code,Telecom Vanuatu Limited
.wf,country-code,Association Française pour le Nommage Internet en Coopération (A.F.N.I.C.)
.ws,country-code,Government of Samoa Ministry of Foreign Affairs & Trade
.ye,country-code,TeleYemen
.yt,country-code,Association Française pour le Nommage Internet en Coopération (A.F.N.I.C.)
.za,country-code,ZA Domain Name Authority
.zm,country-code,Zambia Information and Communications Technology Authority (ZICTA)
.zw,country-code,Postal and Telecommuni
.aarp,generic,AARP
.abarth,generic,Fiat Chrysler Automobiles N.V.
.abb,generic,ABB Ltd
.abbott,generic,"Abbott Laboratories, Inc."
.abbvie,generic,AbbVie Inc.
.abc,generic,"Disney Enterprises, Inc."
.able,generic,Able Inc.
.abogado,generic,Top Level Domain Holdings Limited
.abudhabi,generic,Abu Dhabi Systems and Information Centre
.academy,generic,"Half Oaks, LLC"
.accenture,generic,Accenture plc
.accountant,generic,dot Accountant Limited
.accountants,generic,"Knob Town, LLC"
.aco,generic,ACO Severin Ahlmann GmbH & Co. KG
.active,generic,"Active Network, LLC"
.actor,generic,United TLD Holdco Ltd.
.adac,generic,Allgemeiner Deutscher Automobil-Club e.V. (ADAC)
.ads,generic,Charleston Road Registry Inc.
.adult,generic,ICM Registry AD LLC
.aeg,generic,Aktiebolaget Electrolux
.aetna,generic,Aetna Life Insurance Company
.afamilycompany,generic,"Johnson Shareholdings, Inc."
.afl,generic,Australian Football League
.africa,generic,ZA Central Registry NPC trading as Registry.Africa
.agakhan,generic,Fondation Aga Khan (Aga Khan Foundation)
.agency,generic,"Steel Falls, LLC"
.aig,generic,"American International Group, Inc."
.aigo,generic,"aigo Digital Technology Co,Ltd."
.airbus,generic,Airbus S.A.S.
.airforce,generic,United TLD Holdco Ltd.
.airtel,generic,Bharti Airtel Limited
.akdn,generic,Fondation Aga Khan (Aga Khan Foundation)
.alfaromeo,generic,Fiat Chrysler Automobiles N.V.
.alibaba,generic,Alibaba Group Holding Limited
.alipay,generic,Alibaba Group Holding Limited
.allfinanz,generic,Allfinanz Deutsche Vermögensberatung Aktiengesellschaft
.allstate,generic,Allstate Fire and Casualty Insurance Company
.ally,generic,Ally Financial Inc.
.alsace,generic,REGION GRAND EST
.alstom,generic,ALSTOM
.americanexpress,generic,"American Express Travel Related Services Company, Inc."
.americanfamily,generic,"AmFam, Inc."
.amex,generic,"American Express Travel Related Services Company, Inc."
.amfam,generic,"AmFam, Inc."
.amica,generic,Amica Mutual Insurance Company
.amsterdam,generic,Gemeente Amsterdam
.analytics,generic,Campus IP LLC
.android,generic,Charleston Road Registry Inc.
.anquan,generic,QIHOO 360 TECHNOLOGY CO. LTD.
.anz,generic,Australia and New Zealand Banking Group Limited
.aol,generic,AOL Inc.
.apartments,generic,"June Maple, LLC"
.app,generic,Charleston Road Registry Inc.
.apple,generic,Apple Inc.
.aquarelle,generic,Aquarelle.com
.aramco,generic,Aramco Services Company
.archi,generic,STARTING DOT LIMITED
.army,generic,United TLD Holdco Ltd.
.art,generic,UK Creative Ideas Limited
.arte,generic,Association Relative à la Télévision Européenne G.E.I.E.
.asda,generic,"Wal-Mart Stores, Inc."
.associates,generic,"Baxter Hill, LLC"
.athleta,generic,"The Gap, Inc."
.attorney,generic,"United TLD Holdco, Ltd"
.auction,generic,"United TLD HoldCo, Ltd."
.audi,generic,AUDI Aktiengesellschaft
.audible,generic,"Amazon Registry Services, Inc."
.audio,generic,"Uniregistry, Corp."
.auspost,generic,Australian Postal Corporation
.author,generic,"Amazon Registry Services, Inc."
.auto,generic,Cars Registry Limited
.autos,generic,"DERAutos, LLC"
.avianca,generic,Aerovias del Continente Americano S.A. Avianca
.aws,generic,"Amazon Registry Services, Inc."
.axa,generic,AXA SA
.azure,generic,Microsoft Corporation
.baby,generic,"Johnson & Johnson Services, Inc."
.baidu,generic,"Baidu, Inc."
.banamex,generic,Citigroup Inc.
.bananarepublic,generic,"The Gap, Inc."
.band,generic,"United TLD Holdco, Ltd"
.bank,generic,"fTLD Registry Services, LLC"
.bar,generic,Punto 2012 Sociedad Anonima Promotora de Inversion de Capital Variable
.barcelona,generic,Municipi de Barcelona
.barclaycard,generic,Barclays Bank PLC
.barclays,generic,Barclays Bank PLC
.barefoot,generic,"Gallo Vineyards, Inc."
.bargains,generic,"Half Hallow, LLC"
.baseball,generic,"MLB Advanced Media DH, LLC"
.basketball,generic,Fédération Internationale de Basketball (FIBA)
.bauhaus,generic,Werkhaus GmbH
.bayern,generic,Bayern Connect GmbH
.bbc,generic,British Broadcasting Corporation
.bbt,generic,BB&T Corporation
.bbva,generic,"BANCO BILBAO VIZCAYA ARGENTARIA, S.A."
.bcg,generic,"The Boston Consulting Group, Inc."
.bcn,generic,Municipi de Barcelona
.beats,generic,"Beats Electronics, LLC"
.beauty,generic,L'Oréal
.beer,generic,Top Level Domain Holdings Limited
.bentley,generic,Bentley Motors Limited
.berlin,generic,dotBERLIN GmbH & Co. KG
.best,generic,BestTLD Pty Ltd
.bestbuy,generic,"BBY Solutions, Inc."
.bet,generic,Afilias plc
.bharti,generic,Bharti Enterprises (Holding) Private Limited
.bible,generic,American Bible Society
.bid,generic,dot Bid Limited
.bike,generic,"Grand Hollow, LLC"
.bing,generic,Microsoft Corporation
.bingo,generic,"Sand Cedar, LLC"
.bio,generic,STARTING DOT LIMITED
.black,generic,Afilias plc
.blackfriday,generic,"Uniregistry, Corp."
.blanco,generic,BLANCO GmbH + Co KG
.blockbuster,generic,Dish DBS Corporation
.blog,generic,"Knock Knock WHOIS There, LLC"
.bloomberg,generic,Bloomberg IP Holdings LLC
.blue,generic,Afilias plc
.bms,generic,Bristol-Myers Squibb Company
.bmw,generic,Bayerische Motoren Werke Aktiengesellschaft
.bnl,generic,Banca Nazionale del Lavoro
.bnpparibas,generic,BNP Paribas
.boats,generic,"DERBoats, LLC"
.boehringer,generic,Boehringer Ingelheim International GmbH
.bofa,generic,"NMS Services, Inc."
.bom,generic,Núcleo de Informação e Coordenação do Ponto BR - NIC.br
.bond,generic,Bond University Limited
.boo,generic,Charleston Road Registry Inc.
.book,generic,"Amazon Registry Services, Inc."
.booking,generic,Booking.com B.V.
.boots,generic,THE BOOTS COMPANY PLC
.bosch,generic,Robert Bosch GMBH
.bostik,generic,Bostik SA
.boston,generic,"Boston TLD Management, LLC"
.bot,generic,"Amazon Registry Services, Inc."
.boutique,generic,"Over Galley, LLC"
.box,generic,NS1 Limited
.bradesco,generic,Banco Bradesco S.A.
.bridgestone,generic,Bridgestone Corporation
.broadway,generic,"Celebrate Broadway, Inc."
.broker,generic,DOTBROKER REGISTRY LTD
.brother,generic,"Brother Industries, Ltd."
.brussels,generic,DNS.be vzw
.budapest,generic,Top Level Domain Holdings Limited
.bugatti,generic,Bugatti International SA
.build,generic,Plan Bee LLC
.builders,generic,"Atomic Madison, LLC"
.business,generic,"Spring Cross, LLC"
.buy,generic,"Amazon Registry Services, INC"
.buzz,generic,DOTSTRATEGY CO.
.bzh,generic,Association www.bzh
.cab,generic,"Half Sunset, LLC"
.cafe,generic,"Pioneer Canyon, LLC"
.cal,generic,Charleston Road Registry Inc.
.call,generic,"Amazon Registry Services, Inc."
.calvinklein,generic,PVH gTLD Holdings LLC
.cam,generic,AC Webconnecting Holding B.V.
.camera,generic,"Atomic Maple, LLC"
.camp,generic,"Delta Dynamite, LLC"
.cancerresearch,generic,Australian Cancer Research Foundation
.canon,generic,Canon Inc.
.capetown,generic,ZA Central Registry NPC trading as ZA Central Registry
.capital,generic,"Delta Mill, LLC"
.capitalone,generic,Capital One Financial Corporation
.car,generic,Cars Registry Limited
.caravan,generic,"Caravan International, Inc."
.cards,generic,"Foggy Hollow, LLC"
.care,generic,"Goose Cross, LLC"
.career,generic,dotCareer LLC
.careers,generic,"Wild Corner, LLC"
.cars,generic,Cars Registry Limited
.cartier,generic,Richemont DNS Inc.
.casa,generic,Top Level Domain Holdings Limited
.case,generic,CNH Industrial N.V.
.caseih,generic,CNH Industrial N.V.
.cash,generic,"Delta Lake, LLC"
.casino,generic,"Binky Sky, LLC"
.catering,generic,New Falls. LLC
.catholic,generic,Pontificium Consilium de Comunicationibus Socialibus (PCCS) (Pontifical Council for Social Communication)
.cba,generic,COMMONWEALTH BANK OF AUSTRALIA
.cbn,generic,"The Christian Broadcasting Network, Inc."
.cbre,generic,"CBRE, Inc."
.cbs,generic,CBS Domains Inc.
.ceb,generic,The Corporate Executive Board Company
.center,generic,"Tin Mill, LLC"
.ceo,generic,CEOTLD Pty Ltd
.cern,generic,"European Organization for Nuclear Research (""CERN"")"
.cfa,generic,CFA Institute
.cfd,generic,DOTCFD REGISTRY LTD
.chanel,generic,Chanel International B.V.
.channel,generic,Charleston Road Registry Inc.
.chase,generic,"JPMorgan Chase Bank, National Association"
.chat,generic,"Sand Fields, LLC"
.cheap,generic,"Sand Cover, LLC"
.chintai,generic,CHINTAI Corporation
.chloe,generic,Richemont DNS Inc.
.christmas,generic,"Uniregistry, Corp."
.chrome,generic,Charleston Road Registry Inc.
.chrysler,generic,FCA US LLC.
.church,generic,"Holly Fileds, LLC"
.cipriani,generic,Hotel Cipriani Srl
.circle,generic,"Amazon Registry Services, Inc."
.cisco,generic,"Cisco Technology, Inc."
.citadel,generic,Citadel Domain LLC
.citi,generic,Citigroup Inc.
.citic,generic,CITIC Group Corporation
.city,generic,"Snow Sky, LLC"
.cityeats,generic,"Lifestyle Domain Holdings, Inc."
.claims,generic,"Black Corner, LLC"
.cleaning,generic,"Fox Shadow, LLC"
.click,generic,"Uniregistry, Corp."
.clinic,generic,"Goose Park, LLC"
.clinique,generic,The Estée Lauder Companies Inc.
.clothing,generic,"Steel Lake, LLC"
.cloud,generic,ARUBA PEC S.p.A.
.club,generic,".CLUB DOMAINS, LLC"
.clubmed,generic,Club Méditerranée S.A.
.coach,generic,"Koko Island, LLC"
.codes,generic,"Puff Willow, LLC"
.coffee,generic,"Trixy Cover, LLC"
.college,generic,XYZ.COM LLC
.cologne,generic,NetCologne Gesellschaft für Telekommunikation mbH
.com,generic,VeriSign Global Registry Services
.comcast,generic,"Comcast IP Holdings I, LLC"
.commbank,generic,COMMONWEALTH BANK OF AUSTRALIA
.community,generic,"Fox Orchard, LLC"
.company,generic,"Silver Avenue, LLC"
.compare,generic,iSelect Ltd
.computer,generic,"Pine Mill, LLC"
.comsec,generic,"VeriSign, Inc."
.condos,generic,"Pine House, LLC"
.construction,generic,"Fox Dynamite, LLC"
.consulting,generic,"United TLD Holdco, LTD."
.contact,generic,"Top Level Spectrum, Inc."
.contractors,generic,"Magic Woods, LLC"
.cooking,generic,Top Level Domain Holdings Limited
.cookingchannel,generic,"Lifestyle Domain Holdings, Inc."
.cool,generic,"Koko Lake, LLC"
.corsica,generic,Collectivité Territoriale de Corse
.country,generic,Top Level Domain Holdings Limited
.coupon,generic,"Amazon Registry Services, Inc."
.coupons,generic,"Black Island, LLC"
.courses,generic,OPEN UNIVERSITIES AUSTRALIA PTY LTD
.credit,generic,"Snow Shadow, LLC"
.creditcard,generic,"Binky Frostbite, LLC"
.creditunion,generic,"CUNA Performance Resources, LLC"
.cricket,generic,dot Cricket Limited
.crown,generic,Crown Equipment Corporation
.crs,generic,Federated Co-operatives Limited
.cruise,generic,Viking River Cruises (Bermuda) Ltd.
.cruises,generic,"Spring Way, LLC"
.csc,generic,"Alliance-One Services, Inc."
.cuisinella,generic,SALM S.A.S.
.cymru,generic,Nominet UK
.cyou,generic,"Beijing Gamease Age Digital Technology Co., Ltd."
.dabur,generic,Dabur India Limited
.dad,generic,Charleston Road Registry Inc.
.dance,generic,United TLD Holdco Ltd.
.data,generic,Dish DBS Corporation
.date,generic,dot Date Limited
.dating,generic,"Pine Fest, LLC"
.datsun,generic,"NISSAN MOTOR CO., LTD."
.day,generic,Charleston Road Registry Inc.
.dclk,generic,Charleston Road Registry Inc.
.dds,generic,Minds + Machines Group Limited
.deal,generic,"Amazon Registry Services, Inc."
.dealer,generic,"Dealer Dot Com, Inc."
.deals,generic,"Sand Sunset, LLC"
.degree,generic,"United TLD Holdco, Ltd"
.delivery,generic,"Steel Station, LLC"
.dell,generic,Dell Inc.
.deloitte,generic,Deloitte Touche Tohmatsu
.delta,generic,"Delta Air Lines, Inc."
.democrat,generic,United TLD Holdco Ltd.
.dental,generic,"Tin Birch, LLC"
.dentist,generic,"United TLD Holdco, Ltd"
.desi,generic,Desi Networks LLC
.design,generic,"Top Level Design, LLC"
.dev,generic,Charleston Road Registry Inc.
.dhl,generic,Deutsche Post AG
.diamonds,generic,"John Edge, LLC"
.diet,generic,"Uniregistry, Corp."
.digital,generic,"Dash Park, LLC"
.direct,generic,"Half Trail, LLC"
.directory,generic,"Extra Madison, LLC"
.discount,generic,"Holly Hill, LLC"
.discover,generic,Discover Financial Services
.dish,generic,Dish DBS Corporation
.diy,generic,"Lifestyle Domain Holdings, Inc."
.dnp,generic,"Dai Nippon Printing Co., Ltd."
.docs,generic,Charleston Road Registry Inc.
.doctor,generic,"Brice Trail, LLC"
.dodge,generic,FCA US LLC.
.dog,generic,"Koko Mill, LLC"
.doha,generic,Communications Regulatory Authority (CRA)
.domains,generic,"Sugar Cross, LLC"
.doosan,generic,Retired
.dot,generic,Dish DBS Corporation
.download,generic,dot Support Limited
.drive,generic,Charleston Road Registry Inc.
.dtv,generic,Dish DBS Corporation
.dubai,generic,Dubai Smart Government Department
.duck,generic,"Johnson Shareholdings, Inc."
.dunlop,generic,The Goodyear Tire & Rubber Company
.duns,generic,The Dun & Bradstreet Corporation
.dupont,generic,E. I. du Pont de Nemours and Company
.durban,generic,ZA Central Registry NPC trading as ZA Central Registry
.dvag,generic,Deutsche Vermögensberatung Aktiengesellschaft DVAG
.dvr,generic,Hughes Satellite Systems Corporation
.earth,generic,"Interlink Co., Ltd."
.eat,generic,Charleston Road Registry Inc.
.eco,generic,Big Room Inc.
.edeka,generic,EDEKA Verband kaufmännischer Genossenschaften e.V.
.education,generic,"Brice Way, LLC"
.email,generic,"Spring Madison, LLC"
.emerck,generic,Merck KGaA
.energy,generic,"Binky Birch, LLC"
.engineer,generic,United TLD Holdco Ltd.
.engineering,generic,Romeo Canyon
.enterprises,generic,"Snow Oaks, LLC"
.epost,generic,Deutsche Post AG
.epson,generic,Seiko Epson Corporation
.equipment,generic,"Corn Station, LLC"
.ericsson,generic,Telefonaktiebolaget L M Ericsson
.erni,generic,ERNI Group Holding AG
.esq,generic,Charleston Road Registry Inc.
.estate,generic,"Trixy Park, LLC"
.esurance,generic,Esurance Insurance Company
.eurovision,generic,European Broadcasting Union (EBU)
.eus,generic,Puntueus Fundazioa
.events,generic,"Pioneer Maple, LLC"
.everbank,generic,EverBank
.exchange,generic,"Spring Falls, LLC"
.expert,generic,"Magic Pass, LLC"
.exposed,generic,"Victor Beach, LLC"
.express,generic,"Sea Sunset, LLC"
.extraspace,generic,Extra Space Storage LLC
.fage,generic,Fage International S.A.
.fail,generic,"Atomic Pipe, LLC"
.fairwinds,generic,"FairWinds Partners, LLC"
.faith,generic,dot Faith Limited
.family,generic,United TLD Holdco Ltd.
.fan,generic,Asiamix Digital Ltd
.fans,generic,Asiamix Digital Limited
.farm,generic,"Just Maple, LLC"
.farmers,generic,Farmers Insurance Exchange
.fashion,generic,Top Level Domain Holdings Limited
.fast,generic,"Amazon Registry Services, Inc."
.fedex,generic,Federal Express Corporation
.feedback,generic,"Top Level Spectrum, Inc."
.ferrari,generic,Fiat Chrysler Automobiles N.V.
.ferrero,generic,Ferrero Trading Lux S.A.
.fiat,generic,Fiat Chrysler Automobiles N.V.
.fidelity,generic,Fidelity Brokerage Services LLC
.fido,generic,Rogers Communications Canada Inc.
.film,generic,Motion Picture Domain Registry Pty Ltd
.final,generic,Núcleo de Informação e Coordenação do Ponto BR - NIC.br
.finance,generic,"Cotton Cypress, LLC"
.financial,generic,"Just Cover, LLC"
.fire,generic,"Amazon Registry Services, Inc."
.firestone,generic,"Bridgestone Licensing Services, Inc."
.firmdale,generic,Firmdale Holdings Limited
.fish,generic,"Fox Woods, LLC"
.fishing,generic,Top Level Domain Holdings Limited
.fit,generic,Minds + Machines Group Limited
.fitness,generic,"Brice Orchard, LLC"
.flickr,generic,Yahoo! Domain Services Inc.
.flights,generic,"Fox Station, LLC"
.flir,generic,"FLIR Systems, Inc."
.florist,generic,"Half Cypress, LLC"
.flowers,generic,"Uniregistry, Corp."
.flsmidth,generic,Retired
.fly,generic,Charleston Road Registry Inc.
.foo,generic,Charleston Road Registry Inc.
.food,generic,"Lifestyle Domain Holdings, Inc."
.foodnetwork,generic,"Lifestyle Domain Holdings, Inc."
.football,generic,"Foggy Farms, LLC"
.ford,generic,Ford Motor Company
.forex,generic,DOTFOREX REGISTRY LTD
.forsale,generic,"United TLD Holdco, LLC"
.forum,generic,"Fegistry, LLC"
.foundation,generic,"John Dale, LLC"
.fox,generic,"FOX Registry, LLC"
.free,generic,"Amazon Registry Services, Inc."
.fresenius,generic,Fresenius Immobilien-Verwaltungs-GmbH
.frl,generic,FRLregistry B.V.
.frogans,generic,OP3FT
.frontdoor,generic,"Lifestyle Domain Holdings, Inc."
.frontier,generic,Frontier Communications Corporation
.ftr,generic,Frontier Communications Corporation
.fujitsu,generic,Fujitsu Limited
.fujixerox,generic,Xerox DNHC LLC
.fun,generic,"DotSpace, Inc."
.fund,generic,"John Castle, LLC"
.furniture,generic,"Lone Fields, LLC"
.futbol,generic,"United TLD Holdco, Ltd."
.fyi,generic,"Silver Tigers, LLC"
.gal,generic,Asociación puntoGAL
.gallery,generic,"Sugar House, LLC"
.gallo,generic,"Gallo Vineyards, Inc."
.gallup,generic,"Gallup, Inc."
.game,generic,"Uniregistry, Corp."
.games,generic,United TLD Holdco Ltd.
.gap,generic,"The Gap, Inc."
.garden,generic,Top Level Domain Holdings Limited
.gbiz,generic,Charleston Road Registry Inc.
.gdn,generic,"Joint Stock Company ""Navigation-information systems"""
.gea,generic,GEA Group Aktiengesellschaft
.gent,generic,Combell nv
.genting,generic,Resorts World Inc. Pte. Ltd.
.george,generic,"Wal-Mart Stores, Inc."
.ggee,generic,"GMO Internet, Inc."
.gift,generic,"Uniregistry, Corp."
.gifts,generic,"Goose Sky, LLC"
.gives,generic,United TLD Holdco Ltd.
.giving,generic,Giving Limited
.glade,generic,"Johnson Shareholdings, Inc."
.glass,generic,"Black Cover, LLC"
.gle,generic,Charleston Road Registry Inc.
.global,generic,Dot Global Domain Registry Limited
.globo,generic,Globo Comunicação e Participações S.A
.gmail,generic,Charleston Road Registry Inc.
.gmbh,generic,"Extra Dynamite, LLC"
.gmo,generic,"GMO Internet, Inc."
.gmx,generic,1&1 Mail & Media GmbH
.godaddy,generic,"Go Daddy East, LLC"
.gold,generic,"June Edge, LLC"
.goldpoint,generic,"YODOBASHI CAMERA CO.,LTD."
.golf,generic,"Lone Falls, LLC"
.goo,generic,NTT Resonant Inc.
.goodhands,generic,Allstate Fire and Casualty Insurance Company
.goodyear,generic,The Goodyear Tire & Rubber Company
.goog,generic,Charleston Road Registry Inc.
.google,generic,Charleston Road Registry Inc.
.gop,generic,"Republican State Leadership Committee, Inc."
.got,generic,"Amazon Registry Services, Inc."
.grainger,generic,"Grainger Registry Services, LLC"
.graphics,generic,"Over Madison, LLC"
.gratis,generic,"Pioneer Tigers, LLC"
.green,generic,DotGreen Registry Limited
.gripe,generic,"Corn Sunset, LLC"
.group,generic,"Romeo Town, LLC"
.guardian,generic,The Guardian Life Insurance Company of America
.gucci,generic,Guccio Gucci S.p.a.
.guge,generic,Charleston Road Registry Inc.
.guide,generic,"Snow Moon, LLC"
.guitars,generic,"Uniregistry, Corp."
.guru,generic,"Pioneer Cypress, LLC"
.hair,generic,L'Oreal
.hamburg,generic,Hamburg Top-Level-Domain GmbH
.hangout,generic,Charleston Road Registry Inc.
.haus,generic,"United TLD Holdco, LTD."
.hbo,generic,"HBO Registry Services, Inc."
.hdfc,generic,HOUSING DEVELOPMENT FINANCE CORPORATION LIMITED
.hdfcbank,generic,HDFC Bank Limited
.health,generic,"DotHealth, LLC"
.healthcare,generic,"Silver Glen, LLC"
.help,generic,"Uniregistry, Corp."
.helsinki,generic,City of Helsinki
.here,generic,Charleston Road Registry Inc.
.hermes,generic,Hermes International
.hgtv,generic,"Lifestyle Domain Holdings, Inc."
.hiphop,generic,"Uniregistry, Corp."
.hisamitsu,generic,"Hisamitsu Pharmaceutical Co.,Inc."
.hitachi,generic,"Hitachi, Ltd."
.hiv,generic,"Uniregistry, Corp."
.hkt,generic,PCCW-HKT DataCom Services Limited
.hockey,generic,"Half Willow, LLC"
.holdings,generic,"John Madison, LLC"
.holiday,generic,"Goose Woods, LLC"
.homedepot,generic,"Home Depot Product Authority, LLC"
.homegoods,generic,"The TJX Companies, Inc."
.homes,generic,"DERHomes, LLC"
.homesense,generic,"The TJX Companies, Inc."
.honda,generic,"Honda Motor Co., Ltd."
.honeywell,generic,Honeywell GTLD LLC
.horse,generic,Top Level Domain Holdings Limited
.hospital,generic,"Ruby Pike, LLC"
.host,generic,DotHost Inc.
.hosting,generic,"Uniregistry, Corp."
.hot,generic,"Amazon Registry Services, Inc."
.hoteles,generic,Travel Reservations SRL
.hotmail,generic,Microsoft Corporation
.house,generic,"Sugar Park, LLC"
.how,generic,Charleston Road Registry Inc.
.hsbc,generic,HSBC Global Services (UK) Limited
.htc,generic,HTC corporation
.hughes,generic,Hughes Satellite Systems Corporation
.hyatt,generic,"Hyatt GTLD, L.L.C."
.hyundai,generic,Hyundai Motor Company
.ibm,generic,International Business Machines Corporation
.icbc,generic,Industrial and Commercial Bank of China Limited
.ice,generic,"IntercontinentalExchange, Inc."
.icu,generic,One.com A/S
.ieee,generic,IEEE Global LLC
.ifm,generic,ifm electronic gmbh
.iinet,generic,Retired
.ikano,generic,Ikano S.A.
.imamat,generic,Fondation Aga Khan (Aga Khan Foundation)
.imdb,generic,"Amazon Registry Services, Inc."
.immo,generic,"Auburn Bloom, LLC"
.immobilien,generic,United TLD Holdco Ltd.
.industries,generic,"Outer House, LLC"
.infiniti,generic,"NISSAN MOTOR CO., LTD."
.info,generic,Afilias Limited
.ing,generic,Charleston Road Registry Inc.
.ink,generic,"Top Level Design, LLC"
.institute,generic,"Outer Maple, LLC"
.insurance,generic,fTLD Registry Services LLC
.insure,generic,"Pioneer Willow, LLC"
.intel,generic,Intel Corporation
.international,generic,"Wild Way, LLC"
.intuit,generic,"Intuit Administrative Services, Inc."
.investments,generic,"Holly Glen, LLC"
.ipiranga,generic,Ipiranga Produtos de Petroleo S.A.
.irish,generic,Tin Mill LLC
.iselect,generic,iSelect Ltd
.ismaili,generic,Fondation Aga Khan (Aga Khan Foundation)
.ist,generic,Istanbul Metropolitan Municipality
.istanbul,generic,Istanbul Metropolitan Municipality
.itau,generic,Itau Unibanco Holding S.A.
.itv,generic,ITV Services Limited
.iveco,generic,CNH Industrial N.V.
.iwc,generic,Richemont DNS Inc.
.jaguar,generic,Jaguar Land Rover Ltd
.java,generic,Oracle Corporation
.jcb,generic,"JCB Co., Ltd."
.jcp,generic,"JCP Media, Inc."
.jeep,generic,FCA US LLC.
.jetzt,generic,"Wild Frostbite, LLC"
.jewelry,generic,"Wild Bloom, LLC"
.jio,generic,"Affinity Names, Inc."
.jlc,generic,Richemont DNS Inc.
.jll,generic,Jones Lang LaSalle Incorporated
.jmp,generic,Matrix IP LLC
.jnj,generic,"Johnson & Johnson Services, Inc."
.joburg,generic,ZA Central Registry NPC trading as ZA Central Registry
.jot,generic,"Amazon Registry Services, Inc."
.joy,generic,"Amazon Registry Services, Inc."
.jpmorgan,generic,"JPMorgan Chase Bank, National Association"
.jprs,generic,"Japan Registry Services Co., Ltd."
.juegos,generic,"Uniregistry, Corp."
.juniper,generic,"JUNIPER NETWORKS, INC."
.kaufen,generic,United TLD Holdco Ltd.
.kddi,generic,KDDI CORPORATION
.kerryhotels,generic,Kerry Trading Co. Limited
.kerrylogistics,generic,Kerry Trading Co. Limited
.kerryproperties,generic,Kerry Trading Co. Limited
.kfh,generic,Kuwait Finance House
.kia,generic,KIA MOTORS CORPORATION
.kim,generic,Afilias plc
.kinder,generic,Ferrero Trading Lux S.A.
.kindle,generic,"Amazon Registry Services, Inc."
.kitchen,generic,"Just Goodbye, LLC"
.kiwi,generic,DOT KIWI LIMITED
.koeln,generic,NetCologne Gesellschaft für Telekommunikation mbH
.komatsu,generic,Komatsu Ltd.
.kosher,generic,Kosher Marketing Assets LLC
.kpmg,generic,KPMG International Cooperative (KPMG International Genossenschaft)
.kpn,generic,Koninklijke KPN N.V.
.krd,generic,KRG Department of Information Technology
.kred,generic,KredTLD Pty Ltd
.kuokgroup,generic,Kerry Trading Co. Limited
.kyoto,generic,Academic Institution: Kyoto Jyoho Gakuen
.lacaixa,generic,CAIXA D'ESTALVIS I PENSIONS DE BARCELONA
.ladbrokes,generic,LADBROKES INTERNATIONAL PLC
.lamborghini,generic,Automobili Lamborghini S.p.A.
.lamer,generic,The Estée Lauder Companies Inc.
.lancaster,generic,LANCASTER
.lancia,generic,Fiat Chrysler Automobiles N.V.
.lancome,generic,L'Oréal
.land,generic,"Pine Moon, LLC"
.landrover,generic,Jaguar Land Rover Ltd
.lanxess,generic,LANXESS Corporation
.lasalle,generic,Jones Lang LaSalle Incorporated
.lat,generic,ECOM-LAC Federación de Latinoamérica y el Caribe para Internet y el Comercio Electrónico
.latino,generic,Dish DBS Corporation
.latrobe,generic,La Trobe University
.law,generic,Minds + Machines Group Limited
.lawyer,generic,"United TLD Holdco, Ltd"
.lds,generic,"IRI Domain Management, LLC"
.lease,generic,"Victor Trail, LLC"
.leclerc,generic,A.C.D. LEC Association des Centres Distributeurs Edouard Leclerc
.lefrak,generic,"LeFrak Organization, Inc."
.legal,generic,"Blue Falls, LLC"
.lego,generic,LEGO Juris A/S
.lexus,generic,TOYOTA MOTOR CORPORATION
.lgbt,generic,Afilias plc
.liaison,generic,"Liaison Technologies, Incorporated"
.lidl,generic,Schwarz Domains und Services GmbH & Co. KG
.life,generic,"Trixy Oaks, LLC"
.lifeinsurance,generic,American Council of Life Insurers
.lifestyle,generic,"Lifestyle Domain Holdings, Inc."
.lighting,generic,"John McCook, LLC"
.like,generic,"Amazon Registry Services, Inc."
.lilly,generic,Eli Lilly and Company
.limited,generic,"Big Fest, LLC"
.limo,generic,"Hidden Frostbite, LLC"
.lincoln,generic,Ford Motor Company
.linde,generic,Linde Aktiengesellschaft
.link,generic,"Uniregistry, Corp."
.lipsy,generic,Lipsy Ltd
.live,generic,United TLD Holdco Ltd.
.living,generic,"Lifestyle Domain Holdings, Inc."
.lixil,generic,LIXIL Group Corporation
.loan,generic,dot Loan Limited
.loans,generic,"June Woods, LLC"
.locker,generic,Dish DBS Corporation
.locus,generic,Locus Analytics LLC
.loft,generic,"Annco, Inc."
.lol,generic,"Uniregistry, Corp."
.london,generic,Dot London Domains Limited
.lotte,generic,"Lotte Holdings Co., Ltd."
.lotto,generic,Afilias plc
.love,generic,Merchant Law Group LLP
.lpl,generic,"LPL Holdings, Inc."
.lplfinancial,generic,"LPL Holdings, Inc."
.ltd,generic,"Over Corner, LLC"
.ltda,generic,InterNetX Corp.
.lundbeck,generic,H. Lundbeck A/S
.lupin,generic,LUPIN LIMITED
.luxe,generic,Top Level Domain Holdings Limited
.luxury,generic,Luxury Partners LLC
.macys,generic,"Macys, Inc."
.madrid,generic,Comunidad de Madrid
.maif,generic,Mutuelle Assurance Instituteur France (MAIF)
.maison,generic,"Victor Frostbite, LLC"
.makeup,generic,L'Oréal
.man,generic,MAN SE
.management,generic,"John Goodbye, LLC"
.mango,generic,PUNTO FA S.L.
.market,generic,"United TLD Holdco, Ltd"
.marketing,generic,"Fern Pass, LLC"
.markets,generic,DOTMARKETS REGISTRY LTD
.marriott,generic,Marriott Worldwide Corporation
.marshalls,generic,"The TJX Companies, Inc."
.maserati,generic,Fiat Chrysler Automobiles N.V.
.mattel,generic,"Mattel Sites, Inc."
.mba,generic,"Lone Hollow, LLC"
.mcd,generic,McDonald’s Corporation
.mcdonalds,generic,McDonald’s Corporation
.mckinsey,generic,"McKinsey Holdings, Inc."
.med,generic,Medistry LLC
.media,generic,"Grand Glen, LLC"
.meet,generic,Charleston Road Registry Inc.
.melbourne,generic,"The Crown in right of the State of Victoria, represented by its Department of State Development, Business and Innovation"
.meme,generic,Charleston Road Registry Inc.
.memorial,generic,"Dog Beach, LLC"
.men,generic,Exclusive Registry Limited
.menu,generic,"Wedding TLD2, LLC"
.meo,generic,"MEO Serviços de Comunicações e Multimédia, S.A."
.metlife,generic,"MetLife Services and Solutions, LLC"
.miami,generic,Top Level Domain Holdings Limited
.microsoft,generic,Microsoft Corporation
.mini,generic,Bayerische Motoren Werke Aktiengesellschaft
.mint,generic,"Intuit Administrative Services, Inc."
.mit,generic,Massachusetts Institute of Technology
.mitsubishi,generic,Mitsubishi Corporation
.mlb,generic,"MLB Advanced Media DH, LLC"
.mls,generic,The Canadian Real Estate Association
.mma,generic,MMA IARD
.mobile,generic,Dish DBS Corporation
.mobily,generic,GreenTech Consultancy Company W.L.L.
.moda,generic,United TLD Holdco Ltd.
.moe,generic,"Interlink Co., Ltd."
.moi,generic,"Amazon Registry Services, Inc."
.mom,generic,"Uniregistry, Corp."
.monash,generic,Monash University
.money,generic,"Outer McCook, LLC"
.monster,generic,"Monster Worldwide, Inc."
.montblanc,generic,Richemont DNS Inc.
.mopar,generic,FCA US LLC.
.mormon,generic,"IRI Domain Management, LLC (""Applicant"")"
.mortgage,generic,"United TLD Holdco, Ltd"
.moscow,generic,Foundation for Assistance for Internet Technologies and Infrastructure Development (FAITID)
.moto,generic,"Motorola Trademark Holdings, LLC"
.motorcycles,generic,"DERMotorcycles, LLC"
.mov,generic,Charleston Road Registry Inc.
.movie,generic,"New Frostbite, LLC"
.movistar,generic,Telefónica S.A.
.msd,generic,"MSD Registry Holdings, Inc."
.mtn,generic,MTN Dubai Limited
.mtpc,generic,Mitsubishi Tanabe Pharma Corporation
.mtr,generic,MTR Corporation Limited
.mutual,generic,"Northwestern Mutual MU TLD Registry, LLC"
.mutuelle,generic,Retired
.nab,generic,National Australia Bank Limited
.nadex,generic,"Nadex Domains, Inc"
.nagoya,generic,"GMO Registry, Inc."
.nationwide,generic,Nationwide Mutual Insurance Company
.natura,generic,NATURA COSMÉTICOS S.A.
.navy,generic,United TLD Holdco Ltd.
.nba,generic,"NBA REGISTRY, LLC"
.nec,generic,NEC Corporation
.net,generic,VeriSign Global Registry Services
.netbank,generic,COMMONWEALTH BANK OF AUSTRALIA
.netflix,generic,"Netflix, Inc."
.network,generic,"Trixy Manor, LLC"
.neustar,generic,"NeuStar, Inc."
.new,generic,Charleston Road Registry Inc.
.newholland,generic,CNH Industrial N.V.
.news,generic,United TLD Holdco Ltd.
.next,generic,Next plc
.nextdirect,generic,Next plc
.nexus,generic,Charleston Road Registry Inc.
.nfl,generic,NFL Reg Ops LLC
.ngo,generic,Public Interest Registry
.nhk,generic,Japan Broadcasting Corporation (NHK)
.nico,generic,"DWANGO Co., Ltd."
.nike,generic,"NIKE, Inc."
.nikon,generic,NIKON CORPORATION
.ninja,generic,United TLD Holdco Ltd.
.nissan,generic,"NISSAN MOTOR CO., LTD."
.nissay,generic,Nippon Life Insurance Company
.nokia,generic,Nokia Corporation
.northwesternmutual,generic,"Northwestern Mutual Registry, LLC"
.norton,generic,Symantec Corporation
.now,generic,"Amazon Registry Services, Inc."
.nowruz,generic,Asia Green IT System Bilgisayar San. ve Tic. Ltd. Sti.
.nowtv,generic,Starbucks (HK) Limited
.nra,generic,"NRA Holdings Company, INC."
.nrw,generic,Minds + Machines GmbH
.ntt,generic,NIPPON TELEGRAPH AND TELEPHONE CORPORATION
.nyc,generic,The City of New York by and through the New York City Department of Information Technology & Telecommunications
.obi,generic,OBI Group Holding SE & Co. KGaA
.observer,generic,"Top Level Spectrum, Inc."
.off,generic,"Johnson Shareholdings, Inc."
.office,generic,Microsoft Corporation
.okinawa,generic,"BRregistry, Inc."
.olayan,generic,Crescent Holding GmbH
.olayangroup,generic,Crescent Holding GmbH
.oldnavy,generic,"The Gap, Inc."
.ollo,generic,Dish DBS Corporation
.omega,generic,The Swatch Group Ltd
.one,generic,One.com A/S
.ong,generic,Public Interest Registry
.onl,generic,"I-REGISTRY Ltd., Niederlassung Deutschland"
.online,generic,DotOnline Inc.
.onyourside,generic,Nationwide Mutual Insurance Company
.ooo,generic,INFIBEAM INCORPORATION LIMITED
.open,generic,"American Express Travel Related Services Company, Inc."
.oracle,generic,Oracle Corporation
.orange,generic,Orange Brand Services Limited
.org,generic,Public Interest Registry (PIR)
.organic,generic,Afilias plc
.orientexpress,generic,Orient Express
.origins,generic,The Estée Lauder Companies Inc.
.osaka,generic,"Interlink Co., Ltd."
.otsuka,generic,"Otsuka Holdings Co., Ltd."
.ott,generic,Dish DBS Corporation
.ovh,generic,OVH SAS
.page,generic,Charleston Road Registry Inc.
.pamperedchef,generic,"The Pampered Chef, Ltd."
.panasonic,generic,Panasonic Corporation
.panerai,generic,Richemont DNS Inc.
.paris,generic,City of Paris
.pars,generic,Asia Green IT System Bilgisayar San. ve Tic. Ltd. Sti.
.partners,generic,"Magic Glen, LLC"
.parts,generic,"Sea Goodbye, LLC"
.party,generic,Blue Sky Registry Limited
.passagens,generic,Travel Reservations SRL
.pay,generic,"Amazon Registry Services, Inc."
.pccw,generic,PCCW Enterprises Limited
.pet,generic,Afilias plc
.pfizer,generic,Pfizer Inc.
.pharmacy,generic,National Association of Boards of Pharmacy
.philips,generic,Koninklijke Philips N.V.
.phone,generic,Dish DBS Corporation
.photo,generic,"Uniregistry, Corp."
.photography,generic,"Sugar Glen, LLC"
.photos,generic,"Sea Corner, LLC"
.physio,generic,PhysBiz Pty Ltd
.piaget,generic,Richemont DNS Inc.
.pics,generic,"Uniregistry, Corp."
.pictet,generic,Pictet Europe S.A.
.pictures,generic,"Foggy Sky, LLC"
.pid,generic,"Top Level Spectrum, Inc."
.pin,generic,"Amazon Registry Services, Inc."
.ping,generic,"Ping Registry Provider, Inc."
.pink,generic,Afilias plc
.pioneer,generic,Pioneer Corporation
.pizza,generic,"Foggy Moon, LLC"
.place,generic,"Snow Galley, LLC"
.play,generic,Charleston Road Registry Inc.
.playstation,generic,Sony Computer Entertainment Inc.
.plumbing,generic,"Spring Tigers, LLC"
.plus,generic,"Sugar Mill, LLC"
.pnc,generic,"PNC Domain Co., LLC"
.poker,generic,Afilias plc
.politie,generic,Politie Nederland
.porn,generic,ICM Registry PN LLC
.pramerica,generic,"Prudential Financial, Inc."
.praxi,generic,Praxi S.p.A.
.press,generic,DotPress Inc.
.prime,generic,"Amazon Registry Services, Inc."
.prod,generic,Charleston Road Registry Inc.
.productions,generic,"Magic Birch, LLC"
.prof,generic,Charleston Road Registry Inc.
.progressive,generic,Progressive Casualty Insurance Company
.promo,generic,Afilias plc
.properties,generic,"Big Pass, LLC"
.property,generic,"Uniregistry, Corp."
.protection,generic,XYZ.COM LLC
.pru,generic,"Prudential Financial, Inc."
.prudential,generic,"Prudential Financial, Inc."
.pub,generic,United TLD Holdco Ltd.
.pwc,generic,PricewaterhouseCoopers LLP
.qpon,generic,"dotCOOL, Inc."
.quebec,generic,PointQuébec Inc
.quest,generic,Quest ION Limited
.qvc,generic,"QVC, Inc."
.racing,generic,Premier Registry Limited
.radio,generic,European Broadcasting Union (EBU)
.raid,generic,"Johnson Shareholdings, Inc."
.read,generic,"Amazon Registry Services, Inc."
.realestate,generic,dotRealEstate LLC
.realtor,generic,Real Estate Domains LLC
.realty,generic,"Fegistry, LLC"
.recipes,generic,"Grand Island, LLC"
.red,generic,Afilias plc
.redstone,generic,"Redstone Haute Couture Co., Ltd."
.redumbrella,generic,"Travelers TLD, LLC"
.rehab,generic,United TLD Holdco Ltd.
.reise,generic,"Foggy Way, LLC"
.reisen,generic,"New Cypress, LLC"
.reit,generic,"National Association of Real Estate Investment Trusts, Inc."
.reliance,generic,Reliance Industries Limited
.ren,generic,"Beijing Qianxiang Wangjing Technology Development Co., Ltd."
.rent,generic,XYZ.COM LLC
.rentals,generic,"Big Hollow,LLC"
.repair,generic,"Lone Sunset, LLC"
.report,generic,"Binky Glen, LLC"
.republican,generic,United TLD Holdco Ltd.
.rest,generic,Punto 2012 Sociedad Anonima Promotora de Inversion de Capital Variable
.restaurant,generic,"Snow Avenue, LLC"
.review,generic,dot Review Limited
.reviews,generic,"United TLD Holdco, Ltd."
.rexroth,generic,Robert Bosch GMBH
.rich,generic,"I-REGISTRY Ltd., Niederlassung Deutschland"
.richardli,generic,Pacific Century Asset Management (HK) Limited
.ricoh,generic,"Ricoh Company, Ltd."
.rightathome,generic,"Johnson Shareholdings, Inc."
.ril,generic,Reliance Industries Limited
.rio,generic,Empresa Municipal de Informática SA - IPLANRIO
.rip,generic,United TLD Holdco Ltd.
.rmit,generic,Royal Melbourne Institute of Technology
.rocher,generic,Ferrero Trading Lux S.A.
.rocks,generic,"United TLD Holdco, LTD."
.rodeo,generic,Top Level Domain Holdings Limited
.rogers,generic,Rogers Communications Canada Inc.
.room,generic,"Amazon Registry Services, Inc."
.rsvp,generic,Charleston Road Registry Inc.
.ruhr,generic,regiodot GmbH & Co. KG
.run,generic,"Snow Park, LLC"
.rwe,generic,RWE AG
.ryukyu,generic,"BRregistry, Inc."
.saarland,generic,dotSaarland GmbH
.safe,generic,"Amazon Registry Services, Inc."
.safety,generic,"Safety Registry Services, LLC."
.sakura,generic,SAKURA Internet Inc.
.sale,generic,"United TLD Holdco, Ltd"
.salon,generic,"Outer Orchard, LLC"
.samsclub,generic,"Wal-Mart Stores, Inc."
.samsung,generic,"SAMSUNG SDS CO., LTD"
.sandvik,generic,Sandvik AB
.sandvikcoromant,generic,Sandvik AB
.sanofi,generic,Sanofi
.sap,generic,SAP AG
.sapo,generic,"MEO Serviços de Comunicações e Multimédia, S.A."
.sarl,generic,"Delta Orchard, LLC"
.sas,generic,Research IP LLC
.save,generic,"Amazon Registry Services, Inc."
.saxo,generic,Saxo Bank A/S
.sbi,generic,STATE BANK OF INDIA
.sbs,generic,SPECIAL BROADCASTING SERVICE CORPORATION
.sca,generic,SVENSKA CELLULOSA AKTIEBOLAGET SCA (publ)
.scb,generic,"The Siam Commercial Bank Public Company Limited (""SCB"")"
.schaeffler,generic,Schaeffler Technologies AG & Co. KG
.schmidt,generic,SALM S.A.S.
.scholarships,generic,"Scholarships.com, LLC"
.school,generic,"Little Galley, LLC"
.schule,generic,"Outer Moon, LLC"
.schwarz,generic,Schwarz Domains und Services GmbH & Co. KG
.science,generic,dot Science Limited
.scjohnson,generic,"Johnson Shareholdings, Inc."
.scor,generic,SCOR SE
.scot,generic,Dot Scot Registry Limited
.seat,generic,"SEAT, S.A. (Sociedad Unipersonal)"
.secure,generic,"Amazon Registry Services, Inc."
.security,generic,XYZ.COM LLC
.seek,generic,Seek Limited
.select,generic,iSelect Ltd
.sener,generic,"Sener Ingeniería y Sistemas, S.A."
.services,generic,"Fox Castle, LLC"
.ses,generic,SES
.seven,generic,Seven West Media Ltd
.sew,generic,SEW-EURODRIVE GmbH & Co KG
.sex,generic,ICM Registry SX LLC
.sexy,generic,"Uniregistry, Corp."
.sfr,generic,Societe Francaise du Radiotelephone - SFR
.shangrila,generic,Shangri‐La International Hotel Management Limited
.sharp,generic,Sharp Corporation
.shaw,generic,Shaw Cablesystems G.P.
.shell,generic,Shell Information Technology International Inc
.shia,generic,Asia Green IT System Bilgisayar San. ve Tic. Ltd. Sti.
.shiksha,generic,Afilias plc
.shoes,generic,"Binky Galley, LLC"
.shop,generic,"GMO Registry, Inc."
.shopping,generic,"Over Keep, LLC"
.shouji,generic,QIHOO 360 TECHNOLOGY CO. LTD.
.show,generic,"Snow Beach, LLC"
.showtime,generic,CBS Domains Inc.
.shriram,generic,Shriram Capital Ltd.
.silk,generic,"Amazon Registry Services, Inc."
.sina,generic,Sina Corporation
.singles,generic,"Fern Madison, LLC"
.site,generic,DotSite Inc.
.ski,generic,STARTING DOT LIMITED
.skin,generic,L'Oréal
.sky,generic,Sky International AG
.skype,generic,Microsoft Corporation
.sling,generic,Hughes Satellite Systems Corporation
.smart,generic,"Smart Communications, Inc. (SMART)"
.smile,generic,"Amazon Registry Services, Inc."
.sncf,generic,SNCF (Société Nationale des Chemins de fer Francais)
.soccer,generic,"Foggy Shadow, LLC"
.social,generic,United TLD Holdco Ltd.
.softbank,generic,SoftBank Group Corp.
.software,generic,"United TLD Holdco, Ltd"
.sohu,generic,Sohu.com Limited
.solar,generic,"Ruby Town, LLC"
.solutions,generic,"Silver Cover, LLC"
.song,generic,"Amazon Registry Services, Inc."
.sony,generic,Sony Corporation
.soy,generic,Charleston Road Registry Inc.
.space,generic,DotSpace Inc.
.spiegel,generic,SPIEGEL-Verlag Rudolf Augstein GmbH & Co. KG
.spot,generic,"Amazon Registry Services, Inc."
.spreadbetting,generic,DOTSPREADBETTING REGISTRY LTD
.srl,generic,InterNetX Corp.
.srt,generic,FCA US LLC.
.stada,generic,STADA Arzneimittel AG
.staples,generic,"Staples, Inc."
.star,generic,Star India Private Limited
.starhub,generic,StarHub Limited
.statebank,generic,STATE BANK OF INDIA
.statefarm,generic,State Farm Mutual Automobile Insurance Company
.statoil,generic,Statoil ASA
.stc,generic,Saudi Telecom Company
.stcgroup,generic,Saudi Telecom Company
.stockholm,generic,Stockholms kommun
.storage,generic,Self Storage Company LLC
.store,generic,DotStore Inc.
.stream,generic,dot Stream Limited
.studio,generic,United TLD Holdco Ltd.
.study,generic,OPEN UNIVERSITIES AUSTRALIA PTY LTD
.style,generic,"Binky Moon, LLC"
.sucks,generic,Vox Populi Registry Ltd.
.supplies,generic,"Atomic Fields, LLC"
.supply,generic,"Half Falls, LLC"
.support,generic,"Grand Orchard, LLC"
.surf,generic,Top Level Domain Holdings Limited
.surgery,generic,"Tin Avenue, LLC"
.suzuki,generic,SUZUKI MOTOR CORPORATION
.swatch,generic,The Swatch Group Ltd
.swiftcover,generic,Swiftcover Insurance Services Limited
.swiss,generic,Swiss Confederation
.sydney,generic,"State of New South Wales, Department of Premier and Cabinet"
.symantec,generic,Symantec Corporation
.systems,generic,"Dash Cypress, LLC"
.tab,generic,Tabcorp Holdings Limited
.taipei,generic,Taipei City Government
.talk,generic,"Amazon Registry Services, Inc."
.taobao,generic,Alibaba Group Holding Limited
.target,generic,"Target Domain Holdings, LLC"
.tatamotors,generic,Tata Motors Ltd
.tatar,generic,"Limited Liability Company ""Coordination Center of Regional Domain of Tatarstan Republic"""
.tattoo,generic,"Uniregistry, Corp."
.tax,generic,"Storm Orchard, LLC"
.taxi,generic,"Pine Falls, LLC"
.tci,generic,Asia Green IT System Bilgisayar San. ve Tic. Ltd. Sti.
.tdk,generic,TDK Corporation
.team,generic,"Atomic Lake, LLC"
.tech,generic,Dot Tech LLC
.technology,generic,"Auburn Falls, LLC"
.telecity,generic,TelecityGroup International Limited
.telefonica,generic,Telefónica S.A.
.temasek,generic,Temasek Holdings (Private) Limited
.tennis,generic,"Cotton Bloom, LLC"
.teva,generic,Teva Pharmaceutical Industries Limited
.thd,generic,"Home Depot Product Authority, LLC"
.theater,generic,"Blue Tigers, LLC"
.theatre,generic,XYZ.COM LLC
.tiaa,generic,Teachers Insurance and Annuity Association of America
.tickets,generic,Accent Media Limited
.tienda,generic,"Victor Manor, LLC"
.tiffany,generic,Tiffany and Company
.tips,generic,"Corn Willow, LLC"
.tires,generic,"Dog Edge, LLC"
.tirol,generic,punkt Tirol GmbH
.tjmaxx,generic,"The TJX Companies, Inc."
.tjx,generic,"The TJX Companies, Inc."
.tkmaxx,generic,"The TJX Companies, Inc."
.tmall,generic,Alibaba Group Holding Limited
.today,generic,"Pearl Woods, LLC"
.tokyo,generic,"GMO Registry, Inc."
.tools,generic,"Pioneer North, LLC"
.top,generic,"Jiangsu Bangning Science & Technology Co.,Ltd."
.toray,generic,"Toray Industries, Inc."
.toshiba,generic,TOSHIBA Corporation
.total,generic,Total SA
.tours,generic,"Sugar Station, LLC"
.town,generic,"Koko Moon, LLC"
.toyota,generic,TOYOTA MOTOR CORPORATION
.toys,generic,"Pioneer Orchard, LLC"
.trade,generic,Elite Registry Limited
.trading,generic,DOTTRADING REGISTRY LTD
.training,generic,"Wild Willow, LLC"
.travelchannel,generic,"Lifestyle Domain Holdings, Inc."
.travelers,generic,"Travelers TLD, LLC"
.travelersinsurance,generic,"Travelers TLD, LLC"
.trust,generic,Artemis Internet Inc
.trv,generic,"Travelers TLD, LLC"
.tube,generic,Latin American Telecom LLC
.tui,generic,TUI AG
.tunes,generic,"Amazon Registry Services, Inc."
.tushu,generic,"Amazon Registry Services, Inc."
.tvs,generic,T V SUNDRAM IYENGAR & SONS PRIVATE LIMITED
.ubank,generic,National Australia Bank Limited
.ubs,generic,UBS AG
.uconnect,generic,FCA US LLC.
.unicom,generic,China United Network Communications Corporation Limited
.university,generic,"Little Station, LLC"
.uno,generic,Dot Latin LLC
.uol,generic,UBN INTERNET LTDA.
.ups,generic,"UPS Market Driver, Inc."
.vacations,generic,"Atomic Tigers, LLC"
.vana,generic,"Lifestyle Domain Holdings, Inc."
.vanguard,generic,"The Vanguard Group, Inc."
.vegas,generic,"Dot Vegas, Inc."
.ventures,generic,"Binky Lake, LLC"
.verisign,generic,"VeriSign, Inc."
.versicherung,generic,TLD-BOX Registrydienstleistungen GmbH
.vet,generic,"United TLD Holdco, Ltd"
.viajes,generic,"Black Madison, LLC"
.video,generic,"United TLD Holdco, Ltd"
.vig,generic,VIENNA INSURANCE GROUP AG Wiener Versicherung Gruppe
.viking,generic,Viking River Cruises (Bermuda) Ltd.
.villas,generic,"New Sky, LLC"
.vin,generic,"Holly Shadow, LLC"
.vip,generic,Minds + Machines Group Limited
.virgin,generic,Virgin Enterprises Limited
.visa,generic,Visa Worldwide Pte. Limited
.vision,generic,"Koko Station, LLC"
.vista,generic,Vistaprint Limited
.vistaprint,generic,Vistaprint Limited
.viva,generic,Saudi Telecom Company
.vivo,generic,Telefonica Brasil S.A.
.vlaanderen,generic,DNS.be vzw
.vodka,generic,Top Level Domain Holdings Limited
.volkswagen,generic,Volkswagen Group of America Inc.
.volvo,generic,Volvo Holding Sverige Aktiebolag
.vote,generic,Monolith Registry LLC
.voting,generic,Valuetainment Corp.
.voto,generic,Monolith Registry LLC
.voyage,generic,"Ruby House, LLC"
.vuelos,generic,Travel Reservations SRL
.wales,generic,Nominet UK
.walmart,generic,"Wal-Mart Stores, Inc."
.walter,generic,Sandvik AB
.wang,generic,Zodiac Wang Limited
.wanggou,generic,"Amazon Registry Services, Inc."
.warman,generic,Weir Group IP Limited
.watch,generic,"Sand Shadow, LLC"
.watches,generic,Richemont DNS Inc.
.weather,generic,International Business Machines Corporation
.weatherchannel,generic,International Business Machines Corporation
.webcam,generic,dot Webcam Limited
.weber,generic,Saint-Gobain Weber SA
.website,generic,DotWebsite Inc.
.wed,generic,"Atgron, Inc."
.wedding,generic,Top Level Domain Holdings Limited
.weibo,generic,Sina Corporation
.weir,generic,Weir Group IP Limited
.whoswho,generic,Who's Who Registry
.wien,generic,punkt.wien GmbH
.wiki,generic,"Top Level Design, LLC"
.williamhill,generic,William Hill Organization Limited
.win,generic,First Registry Limited
.windows,generic,Microsoft Corporation
.wine,generic,"June Station, LLC"
.winners,generic,"The TJX Companies, Inc."
.wme,generic,"William Morris Endeavor Entertainment, LLC"
.wolterskluwer,generic,Wolters Kluwer N.V.
.woodside,generic,Woodside Petroleum Limited
.work,generic,Top Level Domain Holdings Limited
.works,generic,"Little Dynamite, LLC"
.world,generic,"Bitter Fields, LLC"
.wow,generic,"Amazon Registry Services, Inc."
.wtc,generic,"World Trade Centers Association, Inc."
.wtf,generic,"Hidden Way, LLC"
.xbox,generic,Microsoft Corporation
.xerox,generic,Xerox DNHC LLC
.xfinity,generic,"Comcast IP Holdings I, LLC"
.xihuan,generic,QIHOO 360 TECHNOLOGY CO. LTD.
.xin,generic,Elegant Leader Limited
.xperia,generic,Sony Mobile Communications AB
.xyz,generic,XYZ.COM LLC
.yachts,generic,"DERYachts, LLC"
.yahoo,generic,Yahoo! Domain Services Inc.
.yamaxun,generic,"Amazon Registry Services, Inc."
.yandex,generic,"YANDEX, LLC"
.yodobashi,generic,"YODOBASHI CAMERA CO.,LTD."
.yoga,generic,Top Level Domain Holdings Limited
.yokohama,generic,"GMO Registry, Inc."
.you,generic,"Amazon Registry Services, Inc."
.youtube,generic,Charleston Road Registry Inc.
.yun,generic,QIHOO 360 TECHNOLOGY CO. LTD.
.zappos,generic,"Amazon Registry Services, Inc."
.zara,generic,"Industria de Diseño Textil, S.A. (INDITEX, S.A.)"
.zero,generic,"Amazon Registry Services, Inc."
.zip,generic,Charleston Road Registry Inc.
.zippo,generic,Zadco Company
.zone,generic,"Outer Falls, LLC"
.biz,generic-restricted,"Neustar, Inc."
.name,generic-restricted,"VeriSign Information Services, Inc."
.pro,generic-restricted,Registry Services Corporation dba RegistryPro
.arpa,infrastructure,Internet Architecture Board (IAB)
.aero,sponsored,Societe Internationale de Telecommunications Aeronautique (SITA INC USA)
.asia,sponsored,DotAsia Organisation Ltd.
.cat,sponsored,Fundacio puntCAT
.coop,sponsored,DotCooperation LLC
.edu,sponsored,EDUCAUSE
.gov,sponsored,"General Services Administration Attn: QTDC, 2E08 (.gov Domain Registration)"
.int,sponsored,Internet Assigned Numbers Authority
.jobs,sponsored,Employ Media LLC
.mil,sponsored,DoD Network Information Center
.mobi,sponsored,Afilias Technologies Limited dba dotMobi
.museum,sponsored,Museum Domain Management Association
.post,sponsored,Universal Postal Union
.tel,sponsored,Telnic Ltd.
.travel,sponsored,"Tralliance Registry Management Company, LLC."
.xxx,sponsored,ICM Registry LLC
